[
  {
    "id": "1757907311230",
    "tournamentId": "1757907187129",
    "player1Id": "1757907079239",
    "player2Id": "1757907155497",
    "score1": 6,
    "score2": 4,
    "location": "Vaughan",
    "date": "2025-09-15T03:35:11.231Z",
    "groupId": "1757907187130-1"
  },
  {
    "id": "1757907333573",
    "tournamentId": "1757907187129",
    "player1Id": "1757907079239",
    "player2Id": "1757907143833",
    "score1": 6,
    "score2": 3,
    "location": "Vaughan",
    "date": "2025-09-15T03:35:33.573Z",
    "groupId": "1757907187130-1"
  }
]