[
  {
    "id": "1757834863507",
    "firstName": "Usman",
    "lastName": "Danish",
    "location": "Milton",
    "ranking": 3
  },
  {
    "id": "1757835277293",
    "firstName": "Sabih",
    "lastName": "Mankani",
    "location": "Richmond Hill",
    "ranking": 3
  },
  {
    "id": "1757835297447",
    "firstName": "Meran",
    "lastName": "Arshad",
    "location": "Etobicoke",
    "ranking": 3
  },
  {
    "id": "1757907079239",
    "firstName": "Umair",
    "lastName": "Nasim",
    "location": "Mississauga",
    "ranking": 3
  },
  {
    "id": "1757907099518",
    "firstName": "Haseeb",
    "lastName": "Akhtar",
    "location": "Ajax",
    "ranking": 4
  },
  {
    "id": "1757907126020",
    "firstName": "Muhammad",
    "lastName": "Talha",
    "location": "Milton",
    "ranking": 3
  },
  {
    "id": "1757907143833",
    "firstName": "Farrukh",
    "lastName": "Z",
    "location": "Brampton",
    "ranking": 3
  },
  {
    "id": "1757907155497",
    "firstName": "Waleed",
    "lastName": "A",
    "location": "Barrie",
    "ranking": 3
  },
  {
    "id": "1757907169176",
    "firstName": "Khizer",
    "lastName": "A",
    "location": "Cambridge",
    "ranking": 3
  },
  {
    "id": "1757907180736",
    "firstName": "Naveed",
    "lastName": "A",
    "location": "Oakville",
    "ranking": 3
  }
]